date,debit_L_s
2015-01-16,3632.9380201791064
2015-01-17,3240.8714052684463
2015-01-18,3567.2590352459933
2015-01-19,3448.5960738905214
2015-01-20,3417.8869519114965
2015-01-21,3464.5385058182283
2015-01-22,3487.024057105209
2015-01-23,3616.1389484063875
2015-01-24,3590.837608643446
2015-01-25,3773.645938296479
2015-01-26,3465.7887008564335
2015-01-27,3671.6093126452515
2015-01-28,3605.6813050190785
2015-01-29,3795.237915127858
2015-01-30,3528.3962082973494
2015-01-31,3728.1652218963204
2015-02-01,3805.6587477573094
2015-02-02,3658.0892067112864
2015-02-03,3926.6735724047
2015-02-04,3867.4142425340183
2015-02-05,3971.3680687843557
2015-02-06,3987.4827207449257
2015-02-07,3814.1967932028447
2015-02-08,3852.750759610868
2015-02-09,3932.2692216529254
2015-02-10,4047.1886872598816
2015-02-11,4076.991941546012
2015-02-12,3940.135705411056
2015-02-13,3969.2942519922
2015-02-14,3968.8366593316814
2015-02-15,4008.4898050449883
2015-02-16,4061.1002504091357
2015-02-17,4089.369006430385
2015-02-18,4325.693618648391
2015-02-19,4086.242075267378
2015-02-20,4124.673852185455
2015-02-21,4215.72655653448
2015-02-22,4090.537688810329
2015-02-23,4164.607781555194
2015-02-24,4218.0722112339445
2015-02-25,4309.064771421061
2015-02-26,4114.594039343511
2015-02-27,4397.519050140472
2015-02-28,4238.929982632061
2015-03-01,4304.5439270482
2015-03-02,4385.356658815263
2015-03-03,4379.387781460648
2015-03-04,4431.503709660546
2015-03-05,4354.780073838519
2015-03-06,4346.982951992087
2015-03-07,4391.676962074657
2015-03-08,4271.139935451333
2015-03-09,4502.406962113784
2015-03-10,4313.3176944628285
2015-03-11,4274.288448688622
2015-03-12,4614.995857023446
2015-03-13,4404.335576418413
2015-03-14,4308.27307146088
2015-03-15,4619.195987777408
2015-03-16,4408.356875893736
2015-03-17,4554.468327500061
2015-03-18,4371.8159231161935
2015-03-19,4435.960351747025
2015-03-20,4297.62669137486
2015-03-21,4280.793008774041
2015-03-22,4378.815307942276
2015-03-23,4472.989779083403
2015-03-24,4564.488975469211
2015-03-25,4730.769834309735
2015-03-26,4387.978497543902
2015-03-27,4594.644580241972
2015-03-28,4435.4401857674275
2015-03-29,4482.312429090428
2015-03-30,4350.694122272239
2015-03-31,4351.719111851818
2015-04-01,4422.132265696027
2015-04-02,4380.584036464246
2015-04-03,4499.012589254195
2015-04-04,4428.145824447434
2015-04-05,4622.0528208481865
2015-04-06,4510.427945860239
2015-04-07,4509.350223086316
2015-04-08,4603.828602108124
2015-04-09,4538.714047071758
2015-04-10,4479.547261422275
2015-04-11,4470.147036345652
2015-04-12,4462.625596863058
2015-04-13,4577.457350749324
2015-04-14,4542.723478299068
2015-04-15,4495.203129973613
2015-04-16,4532.259057883235
2015-04-17,4391.257804819561
2015-04-18,4489.720615517936
2015-04-19,4289.866458789724
2015-04-20,4557.884884885511
2015-04-21,4423.79952482137
2015-04-22,4424.35220777371
2015-04-23,4456.753439197837
2015-04-24,4386.232904056663
2015-04-25,4351.771383935058
2015-04-26,4485.731415207136
2015-04-27,4367.494356454591
2015-04-28,4253.097220139766
2015-04-29,4377.007463321857
2015-04-30,4150.512240426471
2015-05-01,4474.160328931008
2015-05-02,4278.687536955555
2015-05-03,4287.200148229191
2015-05-04,4494.820377993285
2015-05-05,4470.273478963302
2015-05-06,4252.36467386611
2015-05-07,4288.588107795268
2015-05-08,4320.074102984062
2015-05-09,4363.854489827945
2015-05-10,4166.785559186939
2015-05-11,4177.314180603033
2015-05-12,4269.800507879342
2015-05-13,4157.5015268470725
2015-05-14,4188.871346359294
2015-05-15,4156.952697972952
2015-05-16,3964.6966211034865
2015-05-17,3974.1957321845184
2015-05-18,3777.5442687470118
2015-05-19,3996.946153214019
2015-05-20,4137.81932714496
2015-05-21,3873.6951899289998
2015-05-22,4088.3851379485886
2015-05-23,4045.0627537739206
2015-05-24,3919.4476009794853
2015-05-25,3903.7206362277525
2015-05-26,3892.047444934396
2015-05-27,3776.6762496900633
2015-05-28,3813.3173988794047
2015-05-29,3815.410478644968
2015-05-30,3859.534502835109
2015-05-31,3855.5595499415526
2015-06-01,3679.9122745202385
2015-06-02,3814.342032271811
2015-06-03,3631.351759879529
2015-06-04,3669.405410813632
2015-06-05,3700.202763517668
2015-06-06,3637.74578508088
2015-06-07,3603.884548986377
2015-06-08,3619.911808935754
2015-06-09,3513.8993607413518
2015-06-10,3479.9558043087673
2015-06-11,3500.692820997286
2015-06-12,3592.958962942136
2015-06-13,3462.2456230574803
2015-06-14,3638.305359333704
2015-06-15,3444.5868211979414
2015-06-16,3100.9046798920294
2015-06-17,3329.4543431548987
2015-06-18,3514.867796751049
2015-06-19,3323.850556068539
2015-06-20,3254.188546683347
2015-06-21,3185.273707487247
2015-06-22,3379.606552809748
2015-06-23,3322.023152904387
2015-06-24,3263.392498710156
2015-06-25,3213.3894659130224
2015-06-26,3289.0096781231496
2015-06-27,3201.3361201252224
2015-06-28,2970.4975287089596
2015-06-29,3144.5558806527147
2015-06-30,3058.8880808720205
2015-07-01,3005.094982274516
2015-07-02,3066.6625165283936
2015-07-03,2967.3619596471276
2015-07-04,2645.3779272852826
2015-07-05,3068.7004580056337
2015-07-06,2990.9876355184274
2015-07-07,2849.244077370131
2015-07-08,2798.591684123542
2015-07-09,2832.8731174321397
2015-07-10,2656.2019822064135
2015-07-11,2789.778749471518
2015-07-12,2710.6865701415823
2015-07-13,2673.0580856922943
2015-07-14,2590.774511041848
2015-07-15,2590.0497231022755
2015-07-16,2743.471192149917
2015-07-17,2741.380505516104
2015-07-18,2633.3150979909346
2015-07-19,2553.7539054691756
2015-07-20,2445.9242093168946
2015-07-21,2581.03487723103
2015-07-22,2646.0433084649153
2015-07-23,2299.3418849391855
2015-07-24,2554.22036218539
2015-07-25,2196.396279810431
2015-07-26,2355.3048643337825
2015-07-27,2404.291474239424
2015-07-28,2206.041206014127
2015-07-29,2167.7462983329115
2015-07-30,2315.1195904350257
2015-07-31,2361.5387206364503
2015-08-01,2203.8517910232463
2015-08-02,2363.5376993109503
2015-08-03,2129.1358008360935
2015-08-04,2360.777280901763
2015-08-05,2175.837844731278
2015-08-06,2166.0303236265822
2015-08-07,2182.9499605392325
2015-08-08,2132.775448389269
2015-08-09,2264.7332910507257
2015-08-10,2280.5582615783383
2015-08-11,2094.5546176347843
2015-08-12,2003.689339031317
2015-08-13,1883.2566463031176
2015-08-14,1906.331802875152
2015-08-15,1963.8979645870636
2015-08-16,1934.3500030748962
2015-08-17,1921.9396162145763
2015-08-18,1908.9526315133471
2015-08-19,1940.4655768181437
2015-08-20,1738.6348993809888
2015-08-21,1754.2813616154158
2015-08-22,1952.484598695666
2015-08-23,1907.928528891168
2015-08-24,1754.6758553516574
2015-08-25,1922.2947923969568
2015-08-26,1709.98689727891
2015-08-27,1737.673164877612
2015-08-28,1565.8977082219487
2015-08-29,1819.119838192601
2015-08-30,1719.8698082174799
2015-08-31,1814.439086945179
2015-09-01,1765.4855824395788
2015-09-02,1691.9908656414789
2015-09-03,1686.5191007128337
2015-09-04,1778.3936116661782
2015-09-05,1631.3707439998334
2015-09-06,1621.68979086874
2015-09-07,1633.4057973727508
2015-09-08,1697.1368209482396
2015-09-09,1699.3675656343678
2015-09-10,1789.6973757502228
2015-09-11,1581.4674048993277
2015-09-12,1707.7401098012076
2015-09-13,1508.262819277041
2015-09-14,1626.7232158154707
2015-09-15,1571.9887605613515
2015-09-16,1726.4417992553008
2015-09-17,1607.7409257341458
2015-09-18,1496.250939510933
2015-09-19,1593.5656229225433
2015-09-20,1565.4571923031465
2015-09-21,1494.6393163996997
2015-09-22,1492.7880117411814
2015-09-23,1424.1924928182407
2015-09-24,1791.1023738168228
2015-09-25,1526.1076757724293
2015-09-26,1607.6727855920199
2015-09-27,1391.7406022758817
2015-09-28,1398.2281998137164
2015-09-29,1490.4456534223787
2015-09-30,1490.2679156005063
2015-10-01,1585.2211688159748
2015-10-02,1404.8778980767895
2015-10-03,1559.9526671295216
2015-10-04,1658.6364419046124
2015-10-05,1417.2968410087801
2015-10-06,1601.7307629776492
2015-10-07,1417.1596660283994
2015-10-08,1550.7528897463735
2015-10-09,1555.8226043431364
2015-10-10,1697.0198021476845
2015-10-11,1458.4337141992505
2015-10-12,1549.0018727366873
2015-10-13,1641.6293899042605
2015-10-14,1425.5880410352652
2015-10-15,1547.8443977883587
2015-10-16,1468.1319878397387
2015-10-17,1491.7569221554052
2015-10-18,1637.3952670901153
2015-10-19,1646.9260606445698
2015-10-20,1842.7397347148333
2015-10-21,1731.195090538523
2015-10-22,1731.3272387735976
2015-10-23,1595.0644744162496
2015-10-24,1591.4145349584621
2015-10-25,1645.284113511781
2015-10-26,1414.5867906631454
2015-10-27,1818.7237322278913
2015-10-28,1597.169397581895
2015-10-29,1569.897108621174
2015-10-30,1642.1147605128053
2015-10-31,1787.8391168291337
2015-11-01,1837.4448057746274
2015-11-02,1688.598995350343
2015-11-03,1783.4448825598415
2015-11-04,1748.0635795723285
2015-11-05,1668.4635125929517
2015-11-06,1799.7655161672888
2015-11-07,1800.5919588059903
2015-11-08,1659.5000872658632
2015-11-09,1939.0836895406403
2015-11-10,1688.0250669935515
2015-11-11,1885.0471676840477
2015-11-12,1773.4850539744734
2015-11-13,1814.2461336008446
2015-11-14,1842.921119224669
2015-11-15,2001.485166411954
2015-11-16,1823.7111668377067
2015-11-17,1948.5360267472106
2015-11-18,2141.5612524915714
2015-11-19,1935.8175200569267
2015-11-20,2021.5854781822115
2015-11-21,2110.8414242085664
2015-11-22,2006.0555871742004
2015-11-23,2132.076908043474
2015-11-24,2038.9536260386235
2015-11-25,2195.797145961439
2015-11-26,2153.090758064456
2015-11-27,2074.5221243207534
2015-11-28,2330.61606519204
2015-11-29,2202.0099321981866
2015-11-30,2205.5450320257737
2015-12-01,2163.308885526897
2015-12-02,2231.270529997474
2015-12-03,2291.3252642959114
2015-12-04,2341.0514886878022
2015-12-05,2456.779003727111
2015-12-06,2238.429880944582
2015-12-07,2358.763830145846
2015-12-08,2536.979278376157
2015-12-09,2459.365403481941
2015-12-10,2506.0032771570213
2015-12-11,2648.646084914999
2015-12-12,2547.4058010362637
2015-12-13,2584.7441000708077
2015-12-14,2558.619141657858
2015-12-15,2764.1963419512876
2015-12-16,2717.2707107407855
2015-12-17,2565.080753856401
2015-12-18,2717.098094313593
2015-12-19,2572.577492160405
2015-12-20,2821.349761563741
2015-12-21,2805.0878767272625
2015-12-22,2747.305483381777
2015-12-23,2748.542794068585
2015-12-24,2634.7259589280993
2015-12-25,2916.1364666128825
2015-12-26,2853.668072868058
2015-12-27,2859.8647339294753
2015-12-28,2989.030419711602
2015-12-29,2875.9316043819194
2015-12-30,2909.4393408167875
2015-12-31,2924.4010500175295
2016-01-01,2890.683114010846
2016-01-02,3292.6703724628305
2016-01-03,3057.966764322868
2016-01-04,3068.0815176980486
2016-01-05,3218.8239692683974
2016-01-06,2839.450787557892
2016-01-07,3176.861945922948
2016-01-08,3206.699432538413
2016-01-09,3133.6711945101265
2016-01-10,3302.081475927551
2016-01-11,3078.6410390666247
2016-01-12,3306.5432783037813
2016-01-13,3418.7551188087814
2016-01-14,3132.276673559519
2016-01-15,3233.6186175326957
2016-01-16,3386.4098710440244
2016-01-17,3423.7865828544536
2016-01-18,3384.177551277555
2016-01-19,3508.320435158433
2016-01-20,3519.74364970245
2016-01-21,3383.816995897429
2016-01-22,3531.792883210673
2016-01-23,3437.236165237956
2016-01-24,3380.0753534382657
2016-01-25,3369.3372847025985
2016-01-26,3736.070752436625
2016-01-27,3643.086781573203
2016-01-28,3874.2072279250483
2016-01-29,3554.558265339459
2016-01-30,3687.6692614893077
2016-01-31,3779.205043735004
2016-02-01,3753.046868518216
2016-02-02,3839.413655159185
2016-02-03,3825.672231408279
2016-02-04,3771.1673946527653
2016-02-05,3620.9195629775713
2016-02-06,3780.085750085666
2016-02-07,4068.1316965352717
2016-02-08,3993.360192309452
2016-02-09,4074.941295464644
2016-02-10,3898.75029975649
2016-02-11,3958.0825636775635
2016-02-12,3909.128345842258
2016-02-13,4055.253368509614
2016-02-14,4041.26773962236
2016-02-15,4098.954260337766
2016-02-16,4248.137231271076
2016-02-17,4006.1195814533926
2016-02-18,4181.035454541221
2016-02-19,3984.0767806581844
2016-02-20,4251.545575157871
2016-02-21,4113.368055871448
2016-02-22,4166.37171426493
2016-02-23,4202.915896765957
2016-02-24,4369.241200602254
2016-02-25,4216.337904848077
2016-02-26,4184.250726856746
2016-02-27,4129.7579207538065
2016-02-28,4289.615197945594
2016-02-29,4189.931233778673
2016-03-01,4238.13489772601
2016-03-02,4298.585970432225
2016-03-03,4380.596767122633
2016-03-04,4253.760357101573
2016-03-05,4403.829689821867
2016-03-06,4524.955360147834
2016-03-07,4209.5481123641985
2016-03-08,4505.1205634873895
2016-03-09,4594.153336734863
2016-03-10,4329.11209529001
2016-03-11,4458.727912836345
2016-03-12,4268.537951216128
2016-03-13,4448.197103291537
2016-03-14,4389.404003633499
2016-03-15,4459.83686171601
2016-03-16,4344.376976783075
2016-03-17,4360.306483116313
2016-03-18,4403.667496819461
2016-03-19,4382.622822168551
2016-03-20,4396.841429122007
2016-03-21,4442.981844963211
2016-03-22,4356.200430191327
2016-03-23,4456.316025185393
2016-03-24,4522.332031477736
2016-03-25,4245.586909256209
2016-03-26,4499.116638086284
2016-03-27,4406.642965137162
2016-03-28,4370.6407841490045
2016-03-29,4349.0639614510865
2016-03-30,4398.966932814602
2016-03-31,4409.501760194069
2016-04-01,4518.2293373002
2016-04-02,4356.690095445802
2016-04-03,4586.215538957303
2016-04-04,4398.6778122545375
2016-04-05,4547.228609748836
2016-04-06,4585.585633346246
2016-04-07,4352.0430067567995
2016-04-08,4578.8139828083495
2016-04-09,4687.675070415066
2016-04-10,4422.039937553267
2016-04-11,4521.363838485518
2016-04-12,4446.332838233786
2016-04-13,4463.061985707086
2016-04-14,4431.116341339525
2016-04-15,4394.344731081592
2016-04-16,4511.237012192484
2016-04-17,4520.666400226397
2016-04-18,4425.537547479675
2016-04-19,4569.662873696191
2016-04-20,4519.339646769508
2016-04-21,4472.461645825521
2016-04-22,4321.505780614826
2016-04-23,4574.341220368859
2016-04-24,4506.614411716242
2016-04-25,4149.330882878157
2016-04-26,4242.800669567563
2016-04-27,4294.852001511519
2016-04-28,4425.087980437983
2016-04-29,4443.87145466858
2016-04-30,4278.310309614919
2016-05-01,4319.1881240160355
2016-05-02,4351.290428229344
2016-05-03,4140.679321725268
2016-05-04,4313.501926130938
2016-05-05,4209.566839968251
2016-05-06,4244.134193070224
2016-05-07,4205.863063070609
2016-05-08,4077.2800200945903
2016-05-09,4080.1714488019306
2016-05-10,4167.816504524013
2016-05-11,4160.204225705042
2016-05-12,4104.132376679421
2016-05-13,4219.662169768359
2016-05-14,4060.088065564039
2016-05-15,3956.4374533278024
2016-05-16,4025.5203021932757
2016-05-17,4024.1436871760743
2016-05-18,4009.8441100685677
2016-05-19,4120.288773875463
2016-05-20,4035.6961761205316
2016-05-21,4070.482860003728
2016-05-22,4007.5523894901175
2016-05-23,3908.542592432064
2016-05-24,4008.382743268069
2016-05-25,3857.895257264478
2016-05-26,3887.8750522190267
2016-05-27,3741.700396971879
2016-05-28,3830.5402912489
2016-05-29,3766.2917720623427
2016-05-30,3814.0424550767957
2016-05-31,3936.380113753791
2016-06-01,3969.5154379083497
2016-06-02,3811.7043014125475
2016-06-03,3684.0968388224624
2016-06-04,3746.5813128816394
2016-06-05,3663.76912817011
2016-06-06,3556.640515436842
2016-06-07,3587.526089439092
2016-06-08,3545.0321623975615
2016-06-09,3485.6763942208822
2016-06-10,3660.059074381844
2016-06-11,3443.704639826752
2016-06-12,3423.6245882760622
2016-06-13,3519.138146944509
2016-06-14,3354.6563931448773
2016-06-15,3284.3116835894475
2016-06-16,3289.2617097429797
2016-06-17,3397.5601268054716
2016-06-18,3361.8805390866255
2016-06-19,3328.9313056050164
2016-06-20,3227.286010314137
2016-06-21,3157.0104931165233
2016-06-22,3313.589655913805
2016-06-23,3052.7725641945985
2016-06-24,3150.5666857228666
2016-06-25,3013.63841090516
2016-06-26,3079.9206428967746
2016-06-27,3079.5745730112753
2016-06-28,3191.9278819280103
2016-06-29,2756.6337247899064
2016-06-30,3154.3422185391137
2016-07-01,2903.5136472784634
2016-07-02,2995.8023373184233
2016-07-03,3021.1726362523104
2016-07-04,2838.4618939333704
2016-07-05,2880.477674962623
2016-07-06,2912.9496590358904
2016-07-07,2825.6863581191633
2016-07-08,2738.8776220995837
2016-07-09,2805.9190032352126
2016-07-10,2772.6123228787355
2016-07-11,2586.417069972502
2016-07-12,2846.934729204783
2016-07-13,2708.5000316346245
2016-07-14,2418.601331136259
2016-07-15,2552.7962437148103
2016-07-16,2782.974289455588
2016-07-17,2744.9999630176085
2016-07-18,2588.61676807618
2016-07-19,2368.558476863978
2016-07-20,2488.8864511242523
2016-07-21,2594.3632102229585
2016-07-22,2503.7159890277558
2016-07-23,2407.102674578335
2016-07-24,2342.9991825737234
2016-07-25,2475.6221415797636
2016-07-26,2348.4248784165025
2016-07-27,2378.8021313710924
2016-07-28,2372.622963442247
2016-07-29,2464.5704950654176
2016-07-30,2296.2978495089305
2016-07-31,2281.404162320493
2016-08-01,2054.4974612084825
2016-08-02,2322.497227045535
2016-08-03,2278.4054165019456
2016-08-04,2166.53161786106
2016-08-05,1919.372748940269
2016-08-06,2069.231347973308
2016-08-07,2112.378995924314
2016-08-08,2294.1508976852065
2016-08-09,2123.1116568395096
2016-08-10,2123.4659285466055
2016-08-11,2106.433943605794
2016-08-12,2138.5508540313854
2016-08-13,1872.2030569865196
2016-08-14,1881.6975516580314
2016-08-15,1830.139395303482
2016-08-16,1901.5902931874398
2016-08-17,1876.6896282029452
2016-08-18,1904.7729036489557
2016-08-19,1774.579407738731
2016-08-20,1869.561070038437
2016-08-21,1758.190538667143
2016-08-22,2039.1894632234828
2016-08-23,1758.5375998517397
2016-08-24,2051.254447090737
2016-08-25,1944.494942882747
2016-08-26,1646.121310214099
2016-08-27,1847.4802939427057
2016-08-28,1798.3536223060544
2016-08-29,1570.1172014635888
2016-08-30,1771.4608357799887
2016-08-31,1688.5156545317445
2016-09-01,1719.9390961246615
2016-09-02,1587.463874980194
2016-09-03,1654.9413841721741
2016-09-04,1691.1004988352508
2016-09-05,1620.610187011849
2016-09-06,1567.35142987995
2016-09-07,1602.2465729699238
2016-09-08,1510.2104534916166
2016-09-09,1633.2906916345078
2016-09-10,1333.7259936687
2016-09-11,1732.5705503137797
2016-09-12,1579.9193807151996
2016-09-13,1613.3780568354364
2016-09-14,1644.2779628703552
2016-09-15,1427.4779527841451
2016-09-16,1773.6679694088923
2016-09-17,1427.4708051097061
2016-09-18,1580.9253519270292
2016-09-19,1561.6576957168995
2016-09-20,1655.9493406880522
2016-09-21,1519.261602499343
2016-09-22,1375.1285288672007
2016-09-23,1545.5524559901173
2016-09-24,1263.0568187778424
2016-09-25,1487.5076690711528
2016-09-26,1459.4922171041524
2016-09-27,1660.2795839924872
2016-09-28,1474.7482178147698
2016-09-29,1456.9705597150917
2016-09-30,1425.9537285266135
2016-10-01,1416.2344136123118
2016-10-02,1447.1156165681516
2016-10-03,1563.6278647224794
2016-10-04,1373.0042216057013
2016-10-05,1486.0729781252305
2016-10-06,1362.7823708060757
2016-10-07,1495.4878805433154
2016-10-08,1531.8184846272036
2016-10-09,1395.537891091827
2016-10-10,1465.8542312215764
2016-10-11,1538.247121409972
2016-10-12,1609.9997816221126
2016-10-13,1633.5216784924348
2016-10-14,1532.8527764626072
2016-10-15,1450.1583472664745
2016-10-16,1394.1943573154056
2016-10-17,1642.387564409991
2016-10-18,1711.7249359194252
2016-10-19,1616.6251207714445
2016-10-20,1745.3499142356638
2016-10-21,1551.872699238068
2016-10-22,1567.3947286628356
2016-10-23,1773.8778227751188
2016-10-24,1525.402433402622
2016-10-25,1697.8247772591203
2016-10-26,1686.8807273780374
2016-10-27,1674.9219693896316
2016-10-28,1845.0520993510277
2016-10-29,1595.2915158550823
2016-10-30,1653.0702174887758
2016-10-31,1499.20970578351
2016-11-01,1617.1098906941459
2016-11-02,1684.4973348305432
2016-11-03,1711.16045161685
2016-11-04,1744.1454988324758
2016-11-05,1809.4011975894412
2016-11-06,1727.4982196993308
2016-11-07,1611.2415980697233
2016-11-08,1841.286759985778
2016-11-09,1884.5301185470832
2016-11-10,1742.132484066315
2016-11-11,1796.6565635135876
2016-11-12,2069.8860978232865
2016-11-13,2013.739544245118
2016-11-14,2037.818085687933
2016-11-15,2013.9667356703903
2016-11-16,1979.921044376175
2016-11-17,1932.7414933097218
2016-11-18,2060.6677801087776
2016-11-19,2002.6314474168692
2016-11-20,1998.0328911173401
2016-11-21,2061.173186949012
2016-11-22,2074.4830488921075
2016-11-23,2192.5293006986117
2016-11-24,2027.476011136307
2016-11-25,2395.628997919788
2016-11-26,2065.0227771623436
2016-11-27,2144.9665930142646
2016-11-28,2304.6256302984034
2016-11-29,2147.6210874009616
2016-11-30,2205.6131446455042
2016-12-01,2279.396066690239
2016-12-02,2000.8658986431801
2016-12-03,2271.1845137151945
2016-12-04,2248.2768023662425
2016-12-05,2343.8153433755474
2016-12-06,2442.3954232860124
2016-12-07,2480.240267391809
2016-12-08,2590.9355422008757
2016-12-09,2609.013445685382
2016-12-10,2592.0509390452066
2016-12-11,2508.4059758923645
2016-12-12,2641.8994288074273
2016-12-13,2461.306832023634
2016-12-14,2576.5554132376874
2016-12-15,2756.1143952733332
2016-12-16,2715.8267053085733
2016-12-17,2520.514433144379
2016-12-18,2626.8417525051173
2016-12-19,2803.0248470872157
2016-12-20,2799.3994276496715
2016-12-21,2871.397763257108
2016-12-22,2610.2882092771038
2016-12-23,2686.4024506208507
2016-12-24,2814.5174889138357
2016-12-25,2767.271085680311
2016-12-26,2888.239806805543
2016-12-27,2918.5203061222783
2016-12-28,2978.0932313538206
2016-12-29,2955.9159456892216
2016-12-30,3051.6678762377032
2016-12-31,3099.4726654606534
2017-01-01,3042.9853472982004
2017-01-02,2930.2490250681367
2017-01-03,3209.3154256268554
2017-01-04,3126.9643303836715
2017-01-05,3173.517272767205
2017-01-06,3173.849734194368
2017-01-07,3019.943368940682
2017-01-08,3266.108451130389
2017-01-09,3167.2811547095453
2017-01-10,3135.853354969992
2017-01-11,3413.6266532179125
2017-01-12,3278.626271224699
2017-01-13,3363.6675481007705
2017-01-14,3449.486547701536
2017-01-15,3547.6789056534208
2017-01-16,3226.9822718251557
2017-01-17,3359.413811652269
2017-01-18,3527.0026268588294
2017-01-19,3416.077684516142
2017-01-20,3179.25339424612
2017-01-21,3546.4278429131077
2017-01-22,3578.6616164868465
2017-01-23,3659.8402966219987
2017-01-24,3626.7356471034986
2017-01-25,3582.7286814845693
2017-01-26,3672.0486603479485
2017-01-27,3670.1820324783193
2017-01-28,3645.758380970788
2017-01-29,3745.211839161237
2017-01-30,3777.7839801454165
2017-01-31,3662.2385775624416
2017-02-01,3889.7966494929706
2017-02-02,3891.6803366901786
2017-02-03,3909.1755764456693
2017-02-04,3574.7922123996204
2017-02-05,3884.2392467066484
2017-02-06,3880.7972842001104
2017-02-07,3813.0507799371144
2017-02-08,3992.667492512366
2017-02-09,3802.748568473953
2017-02-10,4097.974843631394
2017-02-11,4032.331338107671
2017-02-12,3961.7462682405176
2017-02-13,4174.913334362871
2017-02-14,4096.57135824662
2017-02-15,4102.04813338684
2017-02-16,3955.2001445892233
2017-02-17,4156.97958991781
2017-02-18,4263.0412728692
2017-02-19,4249.177126112593
2017-02-20,4024.8384108710748
2017-02-21,4310.993756085276
2017-02-22,4348.331139764412
2017-02-23,4287.610353041643
2017-02-24,4178.822770572148
2017-02-25,4080.9657823752827
2017-02-26,4155.03460242915
2017-02-27,4202.249065715705
2017-02-28,4301.691426567341
2017-03-01,4342.973268004413
2017-03-02,4225.451519891921
2017-03-03,4147.734722318197
2017-03-04,4283.011993458521
2017-03-05,4202.364853133688
2017-03-06,4481.620902057524
2017-03-07,4234.150737274412
2017-03-08,4416.876568955005
2017-03-09,4461.66469393048
2017-03-10,4289.2734636497225
2017-03-11,4498.447229317952
2017-03-12,4391.7320544221275
2017-03-13,4334.5037933261
2017-03-14,4326.940374157732
2017-03-15,4440.93438208923
2017-03-16,4545.261429426209
2017-03-17,4252.385369058314
2017-03-18,4512.035462932213
2017-03-19,4440.858833478351
2017-03-20,4385.374813884497
2017-03-21,4456.184917889462
2017-03-22,4470.456722133049
2017-03-23,4469.964726154267
2017-03-24,4561.593636174973
2017-03-25,4392.337327359059
2017-03-26,4685.374986670819
2017-03-27,4579.3071899547285
2017-03-28,4431.300455841974
2017-03-29,4298.8297785906925
2017-03-30,4492.48997862495
2017-03-31,4454.4633325166515
2017-04-01,4571.135618968727
2017-04-02,4569.264274980808
2017-04-03,4689.117540146159
2017-04-04,4482.284754558236
2017-04-05,4573.989448200935
2017-04-06,4449.820072932058
2017-04-07,4452.829873393741
2017-04-08,4642.596926398181
2017-04-09,4471.076343770634
2017-04-10,4470.627573226941
2017-04-11,4441.921079599864
2017-04-12,4506.205871976736
2017-04-13,4528.644766964456
2017-04-14,4451.3396562060125
2017-04-15,4342.258907948562
2017-04-16,4486.01821221151
2017-04-17,4362.231764706043
2017-04-18,4402.300907711365
2017-04-19,4452.666859526636
2017-04-20,4448.270392491067
2017-04-21,4180.681882559095
2017-04-22,4577.86453930408
2017-04-23,4477.61713372794
2017-04-24,4582.803494166368
2017-04-25,4631.605072333976
2017-04-26,4271.909011000403
2017-04-27,4298.725955465452
2017-04-28,4369.126051005039
2017-04-29,4426.783669473368
2017-04-30,4268.343444678298
2017-05-01,4275.461456358718
2017-05-02,4402.639923281028
2017-05-03,4191.374619068254
2017-05-04,4288.483973183231
2017-05-05,4362.283285306691
2017-05-06,4211.78488416819
2017-05-07,4301.76766538613
2017-05-08,4196.203438006622
2017-05-09,4031.9881520169884
2017-05-10,4121.041597497328
2017-05-11,4138.85672329238
2017-05-12,4108.4794763284535
2017-05-13,4127.703135594637
2017-05-14,4147.548359909742
2017-05-15,4118.813289948535
2017-05-16,4089.4547544132447
2017-05-17,4009.2644732179365
2017-05-18,4011.8099431114174
2017-05-19,3977.135553492043
2017-05-20,3936.056555411411
2017-05-21,4114.020740980157
2017-05-22,3764.1706017851466
2017-05-23,3958.6488376810817
2017-05-24,3749.6434534503446
2017-05-25,3833.0148740335826
2017-05-26,3952.6142756457366
2017-05-27,3821.9591098691076
2017-05-28,3969.633081795042
2017-05-29,3711.324144439089
2017-05-30,3754.740314908853
2017-05-31,3698.277987443047
2017-06-01,3740.4044407044325
2017-06-02,3684.612737305331
2017-06-03,3654.8007775583064
2017-06-04,3678.274587446978
2017-06-05,3757.073816840098
2017-06-06,3637.2189039756013
2017-06-07,3603.667507069607
2017-06-08,3544.4241892415967
2017-06-09,3478.101411593367
2017-06-10,3379.2959588059516
2017-06-11,3394.695355137044
2017-06-12,3478.427953296149
2017-06-13,3257.95066268721
2017-06-14,3490.9643209429732
2017-06-15,3357.7617199234937
2017-06-16,3280.570315339647
2017-06-17,3294.7849864773198
2017-06-18,3390.4532101642967
2017-06-19,3336.1895901237567
2017-06-20,3300.690475303008
2017-06-21,3426.606334126178
2017-06-22,3460.6244180745853
2017-06-23,3072.600288791934
2017-06-24,3265.7690845028856
2017-06-25,3076.0085042009873
2017-06-26,2989.944438429726
2017-06-27,3050.9126723176782
2017-06-28,3181.5886638962297
2017-06-29,3023.924941209247
2017-06-30,2982.720858612202
2017-07-01,3147.6498788440954
2017-07-02,3033.0683915070754
2017-07-03,2949.4527548656
2017-07-04,3115.2047010496844
2017-07-05,2957.420369051435
2017-07-06,2810.6836981154847
2017-07-07,2749.5916639790407
2017-07-08,2791.7148960762884
2017-07-09,2826.1423718731166
2017-07-10,2878.7897859270365
2017-07-11,2844.1368943426346
2017-07-12,2745.6826706617753
2017-07-13,2591.1649893510917
2017-07-14,2777.350872629724
2017-07-15,2667.922384479051
2017-07-16,2523.486412001604
2017-07-17,2483.8347986312806
2017-07-18,2605.1015396273683
2017-07-19,2592.6078525627604
2017-07-20,2614.71218039699
2017-07-21,2385.416561567933
2017-07-22,2676.5993158536144
2017-07-23,2276.2349608848217
2017-07-24,2430.9554692546385
2017-07-25,2545.9216977533515
2017-07-26,2492.013472951349
2017-07-27,2267.038991633942
2017-07-28,2401.371472243025
2017-07-29,2440.652209705256
2017-07-30,2367.913615879117
2017-07-31,2171.6235124089403
2017-08-01,2416.045073636035
2017-08-02,2061.409898201491
2017-08-03,2207.3675280066286
2017-08-04,2073.041472451955
2017-08-05,2115.820817836353
2017-08-06,2103.9458086809173
2017-08-07,2166.1809432596147
2017-08-08,1967.5078215681222
2017-08-09,2096.1928991096297
2017-08-10,2184.5293313967363
2017-08-11,2041.7122705255738
2017-08-12,2068.713916084467
2017-08-13,2037.7993394233952
2017-08-14,1900.098510910124
2017-08-15,1919.0358368187315
2017-08-16,1942.6813200310514
2017-08-17,1967.711112575137
2017-08-18,2106.5298362341596
2017-08-19,2048.72580801057
2017-08-20,1819.8838005056148
2017-08-21,1806.3456927758655
2017-08-22,1731.0448092259876
2017-08-23,1583.7554114377363
2017-08-24,1933.3723180208463
2017-08-25,1839.2709989343768
2017-08-26,1574.030240768157
2017-08-27,1757.232645742517
2017-08-28,1979.537479535436
2017-08-29,1777.0549798873517
2017-08-30,1765.3246637107914
2017-08-31,1721.8338806857316
2017-09-01,1611.0196028985251
2017-09-02,1557.6585528824155
2017-09-03,1579.9602921381095
2017-09-04,1667.295811780216
2017-09-05,1616.890207775103
2017-09-06,1700.9040405029941
2017-09-07,1798.048427348825
2017-09-08,1670.5577963367273
2017-09-09,1685.798756461624
2017-09-10,1556.236036228216
2017-09-11,1452.1250657028472
2017-09-12,1793.963378569882
2017-09-13,1640.4773920318034
2017-09-14,1679.3320463306202
2017-09-15,1514.3824718470312
2017-09-16,1373.925186079925
2017-09-17,1673.118146615126
2017-09-18,1315.3929808745622
2017-09-19,1511.197217502492
2017-09-20,1468.810384207396
2017-09-21,1540.8893910419363
2017-09-22,1596.3987504904426
2017-09-23,1593.738326493142
2017-09-24,1294.3135850241065
2017-09-25,1604.6663170161637
2017-09-26,1308.814021651837
2017-09-27,1568.2393030608475
2017-09-28,1453.7654064112585
2017-09-29,1381.9535317916266
2017-09-30,1442.7729705309268
2017-10-01,1362.347457560927
2017-10-02,1495.4047727922214
2017-10-03,1592.8532596069288
2017-10-04,1579.8575946682934
2017-10-05,1504.6572335837814
2017-10-06,1613.9237237331251
2017-10-07,1556.0199479755263
2017-10-08,1726.7094582684708
2017-10-09,1563.7643170020167
2017-10-10,1454.531308568654
2017-10-11,1489.7739405389639
2017-10-12,1446.7673314025867
2017-10-13,1499.3609834221945
2017-10-14,1519.8161588029839
2017-10-15,1610.125372060374
2017-10-16,1626.1610039196419
2017-10-17,1559.0534491065685
2017-10-18,1604.0846969325423
2017-10-19,1493.6664266544306
2017-10-20,1520.9046198117874
2017-10-21,1334.7403935559973
2017-10-22,1515.0658029085257
2017-10-23,1552.7600990270864
2017-10-24,1874.310042053775
2017-10-25,1485.6602730708578
2017-10-26,1640.4768236434904
2017-10-27,1610.981633959613
2017-10-28,1495.6584342029705
2017-10-29,1694.488403924696
2017-10-30,1681.3471822577633
2017-10-31,1544.1123520258825
2017-11-01,1468.4887656703854
2017-11-02,1713.0377595048008
2017-11-03,1587.1459016624503
2017-11-04,1815.3345379335713
2017-11-05,1733.3135952470707
2017-11-06,1830.5879621056129
2017-11-07,1760.7350246142103
2017-11-08,1964.4136970232225
2017-11-09,1893.9596631726013
2017-11-10,1995.397689309001
2017-11-11,1869.0432866395472
2017-11-12,1770.1350991477898
2017-11-13,1747.369984998312
2017-11-14,1858.2604430599372
2017-11-15,1957.093243707515
2017-11-16,1881.8240761788686
2017-11-17,2214.508538270582
2017-11-18,1977.17095852539
2017-11-19,2049.92003689941
2017-11-20,2031.3505373191388
2017-11-21,1914.6768925129813
2017-11-22,2170.9031933336987
2017-11-23,2149.6378887453507
2017-11-24,2192.521644490671
2017-11-25,2030.2644588778637
2017-11-26,2148.6563194159003
2017-11-27,2164.2649993601117
2017-11-28,2309.396008894729
2017-11-29,2071.1207166512004
2017-11-30,2302.992814263503
2017-12-01,2386.352454665729
2017-12-02,2236.8340830691645
2017-12-03,2219.533054795626
2017-12-04,2460.963244677679
2017-12-05,2373.9644607564383
2017-12-06,2487.8623499880773
2017-12-07,2473.2429319161747
2017-12-08,2529.4322601939407
2017-12-09,2425.6507754870513
2017-12-10,2251.5835488022058
2017-12-11,2553.5244776747213
2017-12-12,2447.1265072836013
2017-12-13,2604.8307945321258
2017-12-14,2512.5594249374735
2017-12-15,2757.7869686378176
2017-12-16,2591.0227737948267
2017-12-17,2726.129487925927
2017-12-18,2780.023431488756
2017-12-19,2683.588157128736
2017-12-20,2750.404475034226
2017-12-21,2740.704255228771
2017-12-22,2673.025923664684
2017-12-23,2944.0067032324064
2017-12-24,2725.0116990577762
2017-12-25,2683.8947880952373
2017-12-26,2817.859618614714
2017-12-27,2908.479810433475
2017-12-28,2927.678025620578
2017-12-29,2911.6493664599207
2017-12-30,2925.656439099399
2017-12-31,2778.2179340602643
2018-01-01,3093.8612362173185
2018-01-02,3233.3100140216197
2018-01-03,3006.3494735047657
2018-01-04,2922.067194412478
2018-01-05,3208.948930815682
2018-01-06,3140.3665981337813
2018-01-07,2774.496394453101
2018-01-08,3131.7854877158165
2018-01-09,3085.052953157022
2018-01-10,3139.3445554517784
2018-01-11,3490.404824481489
2018-01-12,3412.7422185133073
2018-01-13,3320.2998648158546
2018-01-14,3363.618098437725
2018-01-15,3549.325878870438
2018-01-16,3299.317624776042
2018-01-17,3513.6066053826576
2018-01-18,3396.3211705838585
2018-01-19,3572.958576198504
2018-01-20,3534.178078041141
2018-01-21,3458.6890081095303
2018-01-22,3669.4547395973614
2018-01-23,3639.828610008863
2018-01-24,3797.2962246080356
2018-01-25,3589.2387178980466
2018-01-26,3668.8203678532773
2018-01-27,3606.468742550352
2018-01-28,3826.574474625032
2018-01-29,3645.136004195692
2018-01-30,3744.1716642674287
2018-01-31,3902.8820377662405
2018-02-01,3844.8766386038315
2018-02-02,3841.948008722879
2018-02-03,3861.0567721850944
2018-02-04,3889.9484206386683
2018-02-05,3942.8655687534447
2018-02-06,3865.3107389526
2018-02-07,3711.7648902892333
2018-02-08,4075.5111197875553
2018-02-09,3847.9886077528436
2018-02-10,4167.619185068726
2018-02-11,4026.283566833157
2018-02-12,4344.586249802296
2018-02-13,4156.6994555208075
2018-02-14,4097.142597084635
2018-02-15,4166.863272619301
2018-02-16,3945.0148854182758
2018-02-17,4125.233241775354
2018-02-18,4086.4895247041845
2018-02-19,4142.758006029039
2018-02-20,3945.185248454475
2018-02-21,3945.773300022893
2018-02-22,4263.4136413817805
2018-02-23,4209.055696794145
2018-02-24,4173.11902207007
2018-02-25,4223.981567108595
2018-02-26,4180.376874326341
2018-02-27,4212.0746864039465
2018-02-28,4346.4022862427855
2018-03-01,4264.369728983944
2018-03-02,4374.079804159528
2018-03-03,4240.662594597648
2018-03-04,4138.30149959711
2018-03-05,4269.462626039529
2018-03-06,4334.229909547588
2018-03-07,4243.720583027076
2018-03-08,4330.091038821799
2018-03-09,4328.148396550245
2018-03-10,4486.420559487134
2018-03-11,4486.8784440492955
2018-03-12,4522.1491746521915
2018-03-13,4337.444873579854
2018-03-14,4460.3048878984855
2018-03-15,4566.552051743557
2018-03-16,4458.613381089167
2018-03-17,4439.718813350541
2018-03-18,4373.933398695873
2018-03-19,4546.215410649926
2018-03-20,4483.4976667718265
2018-03-21,4574.255116309298
2018-03-22,4459.525411654669
2018-03-23,4693.582941928248
2018-03-24,4480.7333768733515
2018-03-25,4359.411044959816
2018-03-26,4511.092812714491
2018-03-27,4542.574198968852
2018-03-28,4627.856417889535
2018-03-29,4446.878903293646
2018-03-30,4441.227173839216
2018-03-31,4470.3473637617635
2018-04-01,4457.860613876062
2018-04-02,4278.771155292357
2018-04-03,4572.457574475734
2018-04-04,4626.812561474455
2018-04-05,4416.632151262926
2018-04-06,4391.536768057065
2018-04-07,4476.780234595547
2018-04-08,4404.272692341183
2018-04-09,4567.741257900467
2018-04-10,4417.831958082837
2018-04-11,4541.834802947268
2018-04-12,4345.323718032514
2018-04-13,4322.760920294218
2018-04-14,4302.92172621382
2018-04-15,4311.00774639403
2018-04-16,4496.331853723995
2018-04-17,4532.8691011829405
2018-04-18,4453.332880322655
2018-04-19,4452.968847969875
2018-04-20,4194.400069240907
2018-04-21,4529.770401244985
2018-04-22,4277.932345566557
2018-04-23,4531.436794104467
2018-04-24,4637.076952019999
2018-04-25,4383.4993546542555
2018-04-26,4431.057684075078
2018-04-27,4419.908299816379
2018-04-28,4208.713674472125
2018-04-29,4216.185646425043
2018-04-30,4249.689903333678
2018-05-01,4324.290859657855
2018-05-02,4382.620667458637
2018-05-03,4294.524639971925
2018-05-04,4382.8469247121775
2018-05-05,4202.538817068765
2018-05-06,4094.8104726462693
2018-05-07,4229.167028358138
2018-05-08,4205.387455297254
2018-05-09,4049.2132134273816
2018-05-10,4286.119544236647
2018-05-11,4065.355878243525
2018-05-12,4072.8387995615367
2018-05-13,4153.6947533618295
2018-05-14,4002.7165751165667
2018-05-15,4160.140739081178
2018-05-16,4118.584704242222
2018-05-17,4107.388344199272
2018-05-18,4041.94111745423
2018-05-19,3974.555136458838
2018-05-20,3926.268633825843
2018-05-21,4017.101312424754
2018-05-22,4106.8918629658165
2018-05-23,4027.3321452170185
2018-05-24,3964.585357816655
2018-05-25,4009.411233836978
2018-05-26,4022.7786163051665
2018-05-27,3735.817361767926
2018-05-28,3839.7775015951916
2018-05-29,3948.5371341149366
2018-05-30,3734.398106586903
2018-05-31,3731.429461936895
2018-06-01,3820.860645997254
2018-06-02,3712.554730558381
2018-06-03,3837.1001853867074
2018-06-04,3658.0940178048586
2018-06-05,3728.7225943966005
2018-06-06,3902.578764694464
2018-06-07,3739.0547073529033
2018-06-08,3457.9263526907057
2018-06-09,3466.4042356009013
2018-06-10,3445.9203743697904
2018-06-11,3520.2571578350025
2018-06-12,3356.9427505845524
2018-06-13,3533.876992508019
2018-06-14,3629.0608593730008
2018-06-15,3587.8669027527862
2018-06-16,3324.0464726939445
2018-06-17,3348.369047929468
2018-06-18,3320.9960396369815
2018-06-19,3241.652852456956
2018-06-20,3475.534960448231
2018-06-21,3205.109181055254
2018-06-22,3135.6381086913116
2018-06-23,3261.52447685318
2018-06-24,3233.1305834606583
2018-06-25,3329.727882750765
2018-06-26,3304.9370336666916
2018-06-27,3102.6290270860445
2018-06-28,2880.5596725983546
2018-06-29,3138.982939445939
2018-06-30,3126.483439200738
2018-07-01,3201.877453736825
2018-07-02,2830.3934174100273
2018-07-03,2846.1550969137356
2018-07-04,3099.1910183225955
2018-07-05,3080.4401465374467
2018-07-06,3020.9357596605805
2018-07-07,2859.5539646353395
2018-07-08,2968.1747787850677
2018-07-09,2753.3117361200907
2018-07-10,2656.7049272908193
2018-07-11,2752.157964673192
2018-07-12,2743.450356883966
2018-07-13,2789.8643362359544
2018-07-14,2793.812566753251
2018-07-15,2475.908006845023
2018-07-16,2660.0763580016855
2018-07-17,2655.8191352117738
2018-07-18,2451.3968777553046
2018-07-19,2528.822552551109
2018-07-20,2536.9209170903873
2018-07-21,2552.2013350297107
2018-07-22,2394.1166484861715
2018-07-23,2396.3036542986297
2018-07-24,2320.8650540804742
2018-07-25,2444.574860020796
2018-07-26,2351.9288593451693
2018-07-27,2302.2211447329237
2018-07-28,2404.560358974004
2018-07-29,2298.4817171818627
2018-07-30,2170.2693685082018
2018-07-31,2386.2807609453534
2018-08-01,2347.211620801705
2018-08-02,2272.290647380871
2018-08-03,2097.2934637582784
2018-08-04,2294.7633059357254
2018-08-05,2099.8282798908563
2018-08-06,1947.5023484966791
2018-08-07,2104.4686962906126
2018-08-08,2280.634176740106
2018-08-09,2030.3007675366716
2018-08-10,2115.710930296261
2018-08-11,2175.5273868039276
2018-08-12,2035.0500584849767
2018-08-13,1964.8830189414646
2018-08-14,1978.96185675697
2018-08-15,2018.0543172043226
2018-08-16,1888.5012871274007
2018-08-17,1957.6473164258502
2018-08-18,1960.9422629218002
2018-08-19,1848.649586366319
2018-08-20,1942.6917519078172
2018-08-21,1909.7620167893326
2018-08-22,1803.334426715668
2018-08-23,1801.3698063782845
2018-08-24,1815.6468463827637
2018-08-25,1773.714988578156
2018-08-26,1752.5178871349349
2018-08-27,1655.4041550835063
2018-08-28,1755.4309231458412
2018-08-29,1804.9498240500966
2018-08-30,1781.6336066570695
2018-08-31,1620.6034930009369
2018-09-01,1747.5339394024325
2018-09-02,1739.971379524502
2018-09-03,1573.2421377210935
2018-09-04,1707.2653272490086
2018-09-05,1625.8230685860917
2018-09-06,1594.9535913042978
2018-09-07,1645.3360662176865
2018-09-08,1590.6919823956298
2018-09-09,1377.7999342728524
2018-09-10,1613.9389511256472
2018-09-11,1471.3561708814925
2018-09-12,1566.0086684680325
2018-09-13,1635.6698243827586
2018-09-14,1535.9813109615409
2018-09-15,1507.359595274821
2018-09-16,1559.046996915731
2018-09-17,1588.6641318442955
2018-09-18,1449.117065055312
2018-09-19,1464.1340201765547
2018-09-20,1572.3930967735594
2018-09-21,1677.959250966269
2018-09-22,1513.4034049248887
2018-09-23,1597.5513772126642
2018-09-24,1432.2548456310365
2018-09-25,1504.3513140671787
2018-09-26,1508.167227378287
2018-09-27,1370.1589584367314
2018-09-28,1495.4415320861997
2018-09-29,1477.366638243559
2018-09-30,1240.1347624061418
2018-10-01,1485.7590151063284
2018-10-02,1523.9664778342446
2018-10-03,1519.0126085076354
2018-10-04,1527.6536410197166
2018-10-05,1385.9554729849542
2018-10-06,1425.259576215505
2018-10-07,1481.7305502401032
2018-10-08,1417.0516786921041
2018-10-09,1460.076997058168
2018-10-10,1632.146206854823
2018-10-11,1426.570402541882
2018-10-12,1485.1164882519333
2018-10-13,1706.8156236212876
2018-10-14,1516.7738684682947
2018-10-15,1436.5094647594747
2018-10-16,1568.5918024935186
2018-10-17,1568.0288104742222
2018-10-18,1571.4776151569806
2018-10-19,1400.7809775634146
2018-10-20,1602.4034989064373
2018-10-21,1620.8640850551394
2018-10-22,1797.2454356255882
2018-10-23,1670.35283710606
2018-10-24,1570.1327666588586
2018-10-25,1655.286948262043
2018-10-26,1701.6171126859524
2018-10-27,1632.165742285468
2018-10-28,1654.2947476570694
2018-10-29,1806.341054612383
2018-10-30,1731.9219908766725
2018-10-31,1747.6287520080418
2018-11-01,1614.4432031486135
2018-11-02,1766.3909206048706
2018-11-03,1549.9372287896726
2018-11-04,1874.6283652272082
2018-11-05,1721.9410464125854
2018-11-06,1845.9096569294948
2018-11-07,1936.9292211333122
2018-11-08,1707.236395725046
2018-11-09,1945.5805726196247
2018-11-10,1870.0013433625816
2018-11-11,1978.5037941798787
2018-11-12,1845.8629398854578
2018-11-13,1830.929984717665
2018-11-14,2045.1253115540321
2018-11-15,1976.8916289112306
2018-11-16,1958.6002912328095
2018-11-17,1859.0899265831042
2018-11-18,2121.821946926146
2018-11-19,1977.4787963330064
2018-11-20,2008.2750260159253
2018-11-21,1981.3129691093234
2018-11-22,2070.7202505717983
2018-11-23,2148.4874416110924
2018-11-24,2104.1904383751585
2018-11-25,2122.2778235266446
2018-11-26,2097.402005640562
2018-11-27,2320.198478616866
2018-11-28,2354.641689065619
2018-11-29,2187.2822707655664
2018-11-30,2151.1705694700745
2018-12-01,2286.067969325756
2018-12-02,2123.008436612152
2018-12-03,2329.3051787591744
2018-12-04,2354.5339025181033
2018-12-05,2366.9223545887467
2018-12-06,2531.0458634187207
2018-12-07,2578.354970925726
2018-12-08,2465.4534794613246
2018-12-09,2409.8182747313435
2018-12-10,2570.59653962001
2018-12-11,2605.6975719084653
2018-12-12,2399.864160399188
2018-12-13,2470.2047668487135
2018-12-14,2541.140033817673
2018-12-15,2427.65331493013
2018-12-16,2506.517347332535
2018-12-17,2802.1901583842177
2018-12-18,2542.116519489234
2018-12-19,2774.5148921450027
2018-12-20,2637.408135598199
2018-12-21,2839.795574199858
2018-12-22,2799.3065674298364
2018-12-23,2881.6229908831424
2018-12-24,2682.1148164229985
2018-12-25,2872.8607792083917
2018-12-26,2814.144724748613
2018-12-27,2971.0399285422623
2018-12-28,2991.8892763173567
2018-12-29,2964.0974856403586
2018-12-30,2960.5517308566837
2018-12-31,2997.6823917506135
2019-01-01,3055.722501142119
2019-01-02,3006.6730048595546
2019-01-03,3039.556458521416
2019-01-04,3044.9418287042795
2019-01-05,3030.336018748404
2019-01-06,3262.0655811354072
2019-01-07,3055.3283324030153
2019-01-08,3338.4167710281613
2019-01-09,3305.803210451594
2019-01-10,3093.627229503616
2019-01-11,3106.8751425178675
2019-01-12,3314.493725009319
2019-01-13,3232.5715199656943
2019-01-14,3376.0673695612436
2019-01-15,3480.708644164602
2019-01-16,3447.374653296791
2019-01-17,3415.8304384192356
2019-01-18,3443.762252228823
2019-01-19,3630.917987031088
2019-01-20,3475.2821326825406
2019-01-21,3705.7568288505017
2019-01-22,3760.294297716294
2019-01-23,3547.9509289545026
2019-01-24,3637.039854320185
2019-01-25,3800.3206487394664
2019-01-26,3587.138677080765
2019-01-27,3721.298916245634
2019-01-28,3805.7111954320726
2019-01-29,3623.413148016979
2019-01-30,3784.6277398421353
2019-01-31,3783.5393900824674
2019-02-01,3741.296446272292
2019-02-02,3966.6859109849047
2019-02-03,3823.5410792140806
2019-02-04,4082.5436442261157
2019-02-05,3950.108142960482
2019-02-06,3831.645903519591
2019-02-07,3947.4812894169004
2019-02-08,3866.7966195898625
2019-02-09,4042.5438115716424
2019-02-10,4046.8087378678747
2019-02-11,3884.8233029863873
2019-02-12,3980.131431818006
2019-02-13,4086.2025404266083
2019-02-14,4064.105566256356
2019-02-15,3980.5596451571205
2019-02-16,4201.401651385631
2019-02-17,4245.691136490183
2019-02-18,3983.577289325149
2019-02-19,4290.372273076389
2019-02-20,3961.9748711880097
2019-02-21,4164.592859993078
2019-02-22,4128.4289572731295
2019-02-23,4154.778523995579
2019-02-24,4241.841630147124
2019-02-25,4124.642826379269
2019-02-26,4243.061012581171
2019-02-27,4432.141015461483
2019-02-28,4325.4842910395655
2019-03-01,4440.1820892330825
2019-03-02,4392.119965201
2019-03-03,4160.966255215427
2019-03-04,4506.2781515041015
2019-03-05,4427.896734901437
2019-03-06,4420.146309219556
2019-03-07,4329.9996710639025
2019-03-08,4326.45151435133
2019-03-09,4285.1338454401075
2019-03-10,4382.929710317325
2019-03-11,4418.379173190291
2019-03-12,4400.905085353862
2019-03-13,4409.900842341974
2019-03-14,4242.747146801088
2019-03-15,4366.794069046823
2019-03-16,4370.545105979419
2019-03-17,4483.844873215954
2019-03-18,4416.760159578596
2019-03-19,4422.765901129461
2019-03-20,4481.051168336925
2019-03-21,4431.10217211879
2019-03-22,4454.394438757958
2019-03-23,4593.32459666804
2019-03-24,4474.163231019732
2019-03-25,4404.951363498123
2019-03-26,4554.745873654678
2019-03-27,4577.124993900727
2019-03-28,4562.259180166175
2019-03-29,4374.116485037879
2019-03-30,4595.88663086282
2019-03-31,4509.301920142024
2019-04-01,4518.00819940765
2019-04-02,4513.754528739663
2019-04-03,4549.554763621286
2019-04-04,4551.485266461097
2019-04-05,4645.995885100245
2019-04-06,4524.901058626129
2019-04-07,4490.520590338348
2019-04-08,4558.71233501376
2019-04-09,4482.772290887075
2019-04-10,4595.573827477944
2019-04-11,4500.678590677522
2019-04-12,4553.368293551561
2019-04-13,4426.245301651099
2019-04-14,4567.184855889533
2019-04-15,4525.804637599195
2019-04-16,4376.871964763163
2019-04-17,4415.877716486765
2019-04-18,4453.52062067512
2019-04-19,4309.854425661969
2019-04-20,4324.263664309288
2019-04-21,4468.292285752012
2019-04-22,4461.118857590529
2019-04-23,4533.175094901464
2019-04-24,4268.89212741367
2019-04-25,4347.726512265876
2019-04-26,4176.421803850913
2019-04-27,4530.987041554875
2019-04-28,4222.422569776142
2019-04-29,4314.802186949016
2019-04-30,4512.911343711833
2019-05-01,4452.111768500609
2019-05-02,4217.313239414655
2019-05-03,4505.9759349117585
2019-05-04,4317.600514596316
2019-05-05,4160.308185936383
2019-05-06,4270.701986839915
2019-05-07,4292.407226632225
2019-05-08,4276.148952569497
2019-05-09,3994.0594904192317
2019-05-10,4361.602904297712
2019-05-11,4012.183251077896
2019-05-12,4130.056078781326
2019-05-13,4272.626804966284
2019-05-14,4154.834356653206
2019-05-15,4095.7714408454663
2019-05-16,4022.738545895814
2019-05-17,4119.126288861903
2019-05-18,4178.622109153376
2019-05-19,3973.0443644418197
2019-05-20,4048.3872558638895
2019-05-21,3952.040761305552
2019-05-22,3928.055398649197
2019-05-23,3747.9590980474704
2019-05-24,3953.8175980919846
2019-05-25,3999.47583315765
2019-05-26,3873.6942749051173
2019-05-27,3968.940995643724
2019-05-28,3863.6218043843346
2019-05-29,3944.124891524194
2019-05-30,3818.614426306817
2019-05-31,3747.173187648739
2019-06-01,3712.472155649638
2019-06-02,3747.2307868460603
2019-06-03,3744.022675135178
2019-06-04,3617.376042702275
2019-06-05,3655.5432931166083
2019-06-06,3518.023076707904
2019-06-07,3493.804452948119
2019-06-08,3662.419803704667
2019-06-09,3611.547394298108
2019-06-10,3638.0735622024354
2019-06-11,3542.168631261455
2019-06-12,3528.2148457518783
2019-06-13,3657.1294883013284
2019-06-14,3374.6848718703786
2019-06-15,3458.457827842508
2019-06-16,3557.5443801086562
2019-06-17,3576.8540658451757
2019-06-18,3410.1449963231235
2019-06-19,3320.0120060220916
2019-06-20,3203.7647676337792
2019-06-21,3264.568319605988
2019-06-22,3268.7425843191136
2019-06-23,3230.235079378918
2019-06-24,3251.437063401391
2019-06-25,3231.7597256116
2019-06-26,3106.121412094257
2019-06-27,3039.7341306466237
2019-06-28,3071.668940153218
2019-06-29,3115.6136183801964
2019-06-30,3204.7933839165858
2019-07-01,2865.2831763948943
2019-07-02,3098.8180884163894
2019-07-03,2942.645923229491
2019-07-04,3049.401399962201
2019-07-05,3099.0522773313296
2019-07-06,2940.360989947039
2019-07-07,2756.9927118397327
2019-07-08,2800.658170407819
2019-07-09,2849.723949762837
2019-07-10,2757.6539929622622
2019-07-11,2757.0872218396626
2019-07-12,2663.9277782577633
2019-07-13,2691.422880468654
2019-07-14,2627.5598386111374
2019-07-15,2744.245291757499
2019-07-16,2666.259374948894
2019-07-17,2682.730550323247
2019-07-18,2430.855963059492
2019-07-19,2519.089568764504
2019-07-20,2466.523371043117
2019-07-21,2471.851387134776
2019-07-22,2404.8999974692197
2019-07-23,2395.3704771207667
2019-07-24,2591.2664744555746
2019-07-25,2390.905513720714
2019-07-26,2272.917039241115
2019-07-27,2341.2531644487144
2019-07-28,2561.1400692206016
2019-07-29,2390.5829511789043
2019-07-30,2211.337101321678
2019-07-31,2253.4462464230073
2019-08-01,2247.905442516265
2019-08-02,2235.849575483925
2019-08-03,2033.4881020032285
2019-08-04,2098.0670250789076
2019-08-05,2150.753150363482
2019-08-06,1980.9739077285658
2019-08-07,2106.9023191590736
2019-08-08,2110.3851284848975
2019-08-09,2157.0262134064355
2019-08-10,2164.1600922018088
2019-08-11,2025.091147148634
2019-08-12,2044.6390250475679
2019-08-13,2068.379457307298
2019-08-14,2081.3700799041217
2019-08-15,1972.9559549730586
2019-08-16,1875.6634886592935
2019-08-17,1985.7703545481668
2019-08-18,1992.764723515811
2019-08-19,1907.961835308957
2019-08-20,1931.3891058018369
2019-08-21,2011.8607082059389
2019-08-22,1795.3676659153039
2019-08-23,1760.311329357786
2019-08-24,1707.9305322195873
2019-08-25,1829.3940718137944
2019-08-26,1871.3828188093175
2019-08-27,1717.9641703971613
2019-08-28,1924.6933894772292
2019-08-29,1682.4857774860795
2019-08-30,1750.188545525908
2019-08-31,1700.2890632093738
2019-09-01,1830.4997760911697
2019-09-02,1625.8606832847784
2019-09-03,1831.1681378435994
2019-09-04,1645.583134097626
2019-09-05,1523.0196358119038
2019-09-06,1585.6788691906718
2019-09-07,1614.1443898609666
2019-09-08,1779.7152491292804
2019-09-09,1563.9354315127268
2019-09-10,1599.420998414159
2019-09-11,1789.4553787376312
2019-09-12,1597.7668874535675
2019-09-13,1514.5927177600452
2019-09-14,1496.3477305902907
2019-09-15,1410.675946142413
2019-09-16,1586.4803205862413
2019-09-17,1661.6568312300576
2019-09-18,1505.272774348518
2019-09-19,1433.487568544071
2019-09-20,1555.1762231902073
2019-09-21,1524.8008232953525
2019-09-22,1506.2954633016548
2019-09-23,1558.5220918080745
2019-09-24,1515.1426973023595
2019-09-25,1474.1311362447373
2019-09-26,1601.880556185238
2019-09-27,1327.0397935110955
2019-09-28,1394.505236393879
2019-09-29,1474.4512746352268
2019-09-30,1370.8339543777379
2019-10-01,1643.7914233968288
2019-10-02,1290.4082269024918
2019-10-03,1567.3931570798384
2019-10-04,1555.414458185994
2019-10-05,1535.2311858566472
2019-10-06,1545.1713314792123
2019-10-07,1452.338380650916
2019-10-08,1440.7582833123704
2019-10-09,1648.5427706299936
2019-10-10,1502.5018535952108
2019-10-11,1380.6084103439136
2019-10-12,1406.949197386376
2019-10-13,1382.9392526561646
2019-10-14,1561.497311586459
2019-10-15,1651.3179727876072
2019-10-16,1518.2616014205557
2019-10-17,1568.682183540743
2019-10-18,1514.0363166171326
2019-10-19,1655.5429201321479
2019-10-20,1662.968048261022
2019-10-21,1676.5122255892597
2019-10-22,1769.4211959103325
2019-10-23,1489.0880922828544
2019-10-24,1693.878131387874
2019-10-25,1479.0198416530295
2019-10-26,1707.821736299792
2019-10-27,1728.1303480133413
2019-10-28,1731.3541040433167
2019-10-29,1751.1027598562878
2019-10-30,1674.379592263609
2019-10-31,1639.2258530616496
2019-11-01,1786.339093831459
2019-11-02,1666.8774822365524
2019-11-03,1808.4280940765216
2019-11-04,1674.031702413255
2019-11-05,1801.865076262872
2019-11-06,1812.0564798197452
2019-11-07,1720.1729009538067
2019-11-08,1785.0417062597796
2019-11-09,1918.7792128802519
2019-11-10,1850.9132637706305
2019-11-11,1914.1491081845784
2019-11-12,1829.35596007333
2019-11-13,1909.697169672751
2019-11-14,1776.6333975649425
2019-11-15,1860.9497400116843
2019-11-16,2071.430326703546
2019-11-17,2023.1048425187155
2019-11-18,1991.3778482870161
2019-11-19,2022.3195328667962
2019-11-20,1900.7500689802803
2019-11-21,2087.90440293618
2019-11-22,1951.5829878761426
2019-11-23,2018.689783362723
2019-11-24,2174.3173741202913
2019-11-25,2058.8044547621016
2019-11-26,2100.852800793974
2019-11-27,2162.345727614914
2019-11-28,2201.4237664803886
2019-11-29,2340.8008774915547
2019-11-30,2073.2695648675226
2019-12-01,2218.4146934692667
2019-12-02,2335.2360531206737
2019-12-03,2255.4199526483903
2019-12-04,2287.0759019805328
2019-12-05,2270.1828721741194
2019-12-06,2341.2063510500284
2019-12-07,2455.2608058862866
2019-12-08,2535.2431570233493
2019-12-09,2474.3434440148726
2019-12-10,2595.717269542951
2019-12-11,2498.934201649415
2019-12-12,2356.5144606855138
2019-12-13,2609.595289127862
2019-12-14,2371.495891357661
2019-12-15,2581.7021527092866
2019-12-16,2611.9651359552718
